UniProt_ID	position	RSA	PDB_identifier	Lys_Conservation	pocket	description
P50247	8	0.334745762712	5AXD-C-8	0.717444717445	no	Adenosylhomocysteinase
P50247	8	0.39406779661	5AXD-A-8	0.717444717445	no	Adenosylhomocysteinase
P50247	8	0.39406779661	5AXB-A-8	0.717444717445	no	Adenosylhomocysteinase
P50247	8	0.39406779661	5AXA-A-8	0.717444717445	no	Adenosylhomocysteinase
P50247	8	0.347457627119	5AXA-C-8	0.717444717445	no	Adenosylhomocysteinase
P50247	8	0.351694915254	5AXC-C-8	0.717444717445	no	Adenosylhomocysteinase
P50247	8	0.338983050847	5AXB-C-8	0.717444717445	no	Adenosylhomocysteinase
P50247	8	0.398305084746	5AXC-A-8	0.717444717445	no	Adenosylhomocysteinase
P50247	20	0.296610169492	5AXB-A-20	0.706172839506	no	Adenosylhomocysteinase
P50247	20	0.296610169492	5AXD-C-20	0.706172839506	no	Adenosylhomocysteinase
P50247	20	0.283898305085	5AXC-C-20	0.706172839506	no	Adenosylhomocysteinase
P50247	20	0.292372881356	5AXB-C-20	0.706172839506	no	Adenosylhomocysteinase
P50247	20	0.28813559322	5AXA-A-20	0.706172839506	no	Adenosylhomocysteinase
P50247	20	0.300847457627	5AXD-A-20	0.706172839506	no	Adenosylhomocysteinase
P50247	20	0.279661016949	5AXC-A-20	0.706172839506	no	Adenosylhomocysteinase
P50247	20	0.300847457627	5AXA-C-20	0.706172839506	no	Adenosylhomocysteinase
P50247	174	0.529661016949	5AXB-C-174	0.454320987654	no	Adenosylhomocysteinase
P50247	174	0.525423728814	5AXD-C-174	0.454320987654	no	Adenosylhomocysteinase
P50247	174	0.529661016949	5AXA-C-174	0.454320987654	no	Adenosylhomocysteinase
P50247	174	0.521186440678	5AXD-A-174	0.454320987654	no	Adenosylhomocysteinase
P50247	174	0.508474576271	5AXC-C-174	0.454320987654	yes	Adenosylhomocysteinase
P50247	174	0.525423728814	5AXC-A-174	0.454320987654	no	Adenosylhomocysteinase
P50247	174	0.529661016949	5AXB-A-174	0.454320987654	no	Adenosylhomocysteinase
P50247	174	0.516949152542	5AXA-A-174	0.454320987654	no	Adenosylhomocysteinase
P50247	186	0.0127118644068	5AXB-A-186	0.985185185185	yes	Adenosylhomocysteinase
P50247	186	0.0169491525424	5AXC-A-186	0.985185185185	yes	Adenosylhomocysteinase
P50247	186	0.0169491525424	5AXA-C-186	0.985185185185	yes	Adenosylhomocysteinase
P50247	186	0.0127118644068	5AXC-C-186	0.985185185185	yes	Adenosylhomocysteinase
P50247	186	0.0127118644068	5AXD-A-186	0.985185185185	yes	Adenosylhomocysteinase
P50247	186	0.0127118644068	5AXB-C-186	0.985185185185	yes	Adenosylhomocysteinase
P50247	186	0.0127118644068	5AXD-C-186	0.985185185185	yes	Adenosylhomocysteinase
P50247	186	0.0169491525424	5AXA-A-186	0.985185185185	yes	Adenosylhomocysteinase
P70168	376	0.343220338983	1UKL-F-366	0.36398467433	yes	Importin subunit beta-1
P70168	376	0.491525423729	1UKL-C-366	0.36398467433	yes	Importin subunit beta-1
P70168	376	0.652542372881	1UKL-B-376	0.36398467433	no	Importin subunit beta-1
P70168	376	0.220532319392	1GCJ-A-382	0.36398467433	no	Importin subunit beta-1
P70168	376	0.580508474576	1UKL-E-366	0.36398467433	yes	Importin subunit beta-1
P70168	376	0.724576271186	1UKL-A-376	0.36398467433	yes	Importin subunit beta-1
P70168	376	0.275423728814	1UKL-D-366	0.36398467433	yes	Importin subunit beta-1
P70168	376	0.216730038023	1GCJ-B-382	0.36398467433	no	Importin subunit beta-1
P26041	79	0.470338983051	4YL8-A-79	0.753164556962	yes	Moesin
P26041	151	0.46186440678	4YL8-A-151	0.464968152866	yes	Moesin
Q9EQP2	291	0.415254237288	5MVF-A-291	0.365168539326	no	EH domain-containing protein 4
Q9EQP2	291	0.449152542373	5MTV-A-291	0.365168539326	yes	EH domain-containing protein 4
Q8QZR1	192	0.16091954023	3PDX-A-154	0.371584699454	yes	Tyrosine aminotransferase
Q8QZR1	227	0.258706467662	3PDX-A-189	0.289617486339	no	Tyrosine aminotransferase
Q8QZR1	232	0.00701754385965	3PDX-A-194	0.439890710383	no	Tyrosine aminotransferase
Q8QZR1	311	0.0	3PDX-A-272	0.233516483516	no	Tyrosine aminotransferase
Q8QZR1	328	0.00497512437811	3PDX-A-289	0.123626373626	no	Tyrosine aminotransferase
Q9QZE5	300	0.271186440678	5NZV-G-300	0.586440677966	no	Coatomer subunit gamma-1
Q9QZE5	300	0.118644067797	5NZS-D-38	0.586440677966	yes	Coatomer subunit gamma-1
Q9QZE5	300	0.258474576271	5A1V-M-300	0.586440677966	yes	Coatomer subunit gamma-1
Q9QZE5	300	0.122881355932	5NZS-K-300	0.586440677966	no	Coatomer subunit gamma-1
Q9QZE5	300	0.127118644068	5NZU-K-300	0.586440677966	no	Coatomer subunit gamma-1
Q9QZE5	300	0.224576271186	5A1U-G-279	0.586440677966	yes	Coatomer subunit gamma-1
Q9QZE5	300	0.228813559322	5A1W-G-279	0.586440677966	yes	Coatomer subunit gamma-1
Q9QZE5	300	0.233050847458	5A1Y-G-279	0.586440677966	yes	Coatomer subunit gamma-1
Q9QZE5	300	0.224576271186	5A1X-C-398	0.586440677966	no	Coatomer subunit gamma-1
Q9QZE5	300	0.254237288136	5A1U-E-300	0.586440677966	yes	Coatomer subunit gamma-1
Q9QZE5	300	0.161016949153	5NZT-N-276	0.586440677966	no	Coatomer subunit gamma-1
Q9QZE5	300	0.220338983051	5NZV-H-398	0.586440677966	no	Coatomer subunit gamma-1
Q9QZE5	300	0.254237288136	5A1V-V-300	0.586440677966	yes	Coatomer subunit gamma-1
Q9QZE5	300	0.135593220339	5A1Y-D-298	0.586440677966	yes	Coatomer subunit gamma-1
Q9QZE5	300	0.156779661017	5NZU-C-298	0.586440677966	no	Coatomer subunit gamma-1
Q9QZE5	300	0.122881355932	5NZV-Q-300	0.586440677966	no	Coatomer subunit gamma-1
Q9QZE5	300	0.216101694915	5NZV-A-398	0.586440677966	no	Coatomer subunit gamma-1
Q9QZE5	300	0.216101694915	5NZS-A-398	0.586440677966	no	Coatomer subunit gamma-1
Q9QZE5	300	0.220338983051	5NZT-A-398	0.586440677966	no	Coatomer subunit gamma-1
Q9QZE5	300	0.131355932203	5A1V-D-298	0.586440677966	yes	Coatomer subunit gamma-1
Q9QZE5	300	0.127118644068	5A1U-D-298	0.586440677966	yes	Coatomer subunit gamma-1
Q9QZE5	300	0.156779661017	5NZT-H-298	0.586440677966	no	Coatomer subunit gamma-1
Q9QZE5	300	0.135593220339	5A1W-D-298	0.586440677966	yes	Coatomer subunit gamma-1
Q9QZE5	300	0.237288135593	5A1V-X-279	0.586440677966	yes	Coatomer subunit gamma-1
Q9QZE5	300	0.122881355932	5NZR-K-300	0.586440677966	no	Coatomer subunit gamma-1
Q9QZE5	300	0.118644067797	5NZR-D-38	0.586440677966	yes	Coatomer subunit gamma-1
Q9QZE5	300	0.216101694915	5NZR-A-398	0.586440677966	yes	Coatomer subunit gamma-1
Q9QZE5	300	0.224576271186	5A1Y-K-398	0.586440677966	no	Coatomer subunit gamma-1
Q9QZE5	300	0.224576271186	5NZU-A-398	0.586440677966	no	Coatomer subunit gamma-1
Q9QZE5	300	0.21186440678	5NZU-B-294	0.586440677966	no	Coatomer subunit gamma-1
Q9QZE5	300	0.131355932203	5A1Y-L-298	0.586440677966	yes	Coatomer subunit gamma-1
Q9QZE5	300	0.152542372881	5NZV-J-298	0.586440677966	no	Coatomer subunit gamma-1
Q9QZE5	300	0.224576271186	5A1V-H-38	0.586440677966	yes	Coatomer subunit gamma-1
Q9QZE5	300	0.127118644068	5A1X-L-298	0.586440677966	yes	Coatomer subunit gamma-1
Q9QZE5	300	0.152542372881	5NZR-C-298	0.586440677966	yes	Coatomer subunit gamma-1
Q9QZE5	300	0.254237288136	5A1Y-V-300	0.586440677966	yes	Coatomer subunit gamma-1
Q9QZE5	300	0.152542372881	5NZS-C-298	0.586440677966	yes	Coatomer subunit gamma-1
Q9QZE5	300	0.127118644068	5NZT-K-300	0.586440677966	no	Coatomer subunit gamma-1
Q9QZE5	300	0.122881355932	5NZT-D-38	0.586440677966	no	Coatomer subunit gamma-1
Q9QZE5	300	0.203389830508	5NZV-B-294	0.586440677966	no	Coatomer subunit gamma-1
Q9QZE5	300	0.203389830508	5NZR-B-294	0.586440677966	no	Coatomer subunit gamma-1
Q9QZE5	300	0.224576271186	5A1Y-C-398	0.586440677966	no	Coatomer subunit gamma-1
Q9QZE5	300	0.127118644068	5NZT-I-38	0.586440677966	no	Coatomer subunit gamma-1
Q9QZE5	300	0.228813559322	5A1V-T-398	0.586440677966	no	Coatomer subunit gamma-1
Q9QZE5	300	0.224576271186	5A1W-C-398	0.586440677966	no	Coatomer subunit gamma-1
Q9QZE5	300	0.152542372881	5NZV-C-298	0.586440677966	no	Coatomer subunit gamma-1
Q9QZE5	300	0.224576271186	5A1V-C-398	0.586440677966	no	Coatomer subunit gamma-1
Q9QZE5	300	0.271186440678	5NZR-G-300	0.586440677966	no	Coatomer subunit gamma-1
Q9QZE5	300	0.271186440678	5NZU-G-300	0.586440677966	no	Coatomer subunit gamma-1
Q9QZE5	300	0.203389830508	5NZS-B-294	0.586440677966	no	Coatomer subunit gamma-1
Q9QZE5	300	0.262711864407	5A1X-M-300	0.586440677966	yes	Coatomer subunit gamma-1
Q9QZE5	300	0.220338983051	5A1X-O-279	0.586440677966	yes	Coatomer subunit gamma-1
Q9QZE5	300	0.135593220339	5A1X-D-298	0.586440677966	yes	Coatomer subunit gamma-1
Q9QZE5	300	0.228813559322	5A1V-G-279	0.586440677966	yes	Coatomer subunit gamma-1
Q9QZE5	300	0.237288135593	5A1X-G-279	0.586440677966	yes	Coatomer subunit gamma-1
Q9QZE5	300	0.228813559322	5A1Y-O-279	0.586440677966	no	Coatomer subunit gamma-1
Q9QZE5	300	0.131355932203	5A1V-U-298	0.586440677966	yes	Coatomer subunit gamma-1
Q9QZE5	300	0.258474576271	5A1W-E-300	0.586440677966	yes	Coatomer subunit gamma-1
Q9QZE5	300	0.122881355932	5NZV-K-300	0.586440677966	no	Coatomer subunit gamma-1
Q9QZE5	300	0.258474576271	5A1Y-M-300	0.586440677966	yes	Coatomer subunit gamma-1
Q9QZE5	300	0.224576271186	5A1X-K-398	0.586440677966	no	Coatomer subunit gamma-1
Q9QZE5	300	0.207627118644	5NZV-I-294	0.586440677966	no	Coatomer subunit gamma-1
Q9QZE5	300	0.224576271186	5A1U-H-38	0.586440677966	yes	Coatomer subunit gamma-1
Q9QZE5	300	0.224576271186	5A1U-C-398	0.586440677966	no	Coatomer subunit gamma-1
Q9QZE5	300	0.224576271186	5A1V-K-398	0.586440677966	no	Coatomer subunit gamma-1
Q9QZE5	300	0.25	5A1V-E-300	0.586440677966	yes	Coatomer subunit gamma-1
Q9QZE5	300	0.262711864407	5A1Y-E-300	0.586440677966	yes	Coatomer subunit gamma-1
Q9QZE5	300	0.237288135593	5A1V-O-279	0.586440677966	yes	Coatomer subunit gamma-1
Q9QZE5	300	0.271186440678	5NZS-G-300	0.586440677966	no	Coatomer subunit gamma-1
Q9QZE5	300	0.258474576271	5A1X-E-300	0.586440677966	yes	Coatomer subunit gamma-1
Q9QZE5	300	0.233050847458	5A1Y-P-38	0.586440677966	yes	Coatomer subunit gamma-1
Q9QZE5	300	0.271186440678	5NZT-G-300	0.586440677966	no	Coatomer subunit gamma-1
Q9QZE5	300	0.233050847458	5A1V-Y-38	0.586440677966	yes	Coatomer subunit gamma-1
Q9QZE5	300	0.156779661017	5NZT-C-298	0.586440677966	no	Coatomer subunit gamma-1
Q9QZE5	300	0.131355932203	5A1V-L-298	0.586440677966	yes	Coatomer subunit gamma-1
Q9QZE5	300	0.122881355932	5NZV-N-38	0.586440677966	no	Coatomer subunit gamma-1
Q9QZE5	300	0.207627118644	5NZT-B-294	0.586440677966	no	Coatomer subunit gamma-1
Q9QZE5	300	0.228813559322	5A1V-P-38	0.586440677966	yes	Coatomer subunit gamma-1
Q9QZE5	471	0.254237288136	5A1V-M-471	0.662162162162	yes	Coatomer subunit gamma-1
Q9QZE5	471	0.258474576271	5A1Y-E-471	0.662162162162	yes	Coatomer subunit gamma-1
Q9QZE5	471	0.317796610169	5NZV-O-158	0.662162162162	no	Coatomer subunit gamma-1
Q9QZE5	471	0.258474576271	5A1U-E-471	0.662162162162	yes	Coatomer subunit gamma-1
Q9QZE5	471	0.300847457627	5NZS-D-72	0.662162162162	yes	Coatomer subunit gamma-1
Q9QZE5	471	0.245762711864	5NZU-G-471	0.662162162162	no	Coatomer subunit gamma-1
Q9QZE5	471	0.139830508475	5A1X-D-413	0.662162162162	yes	Coatomer subunit gamma-1
Q9QZE5	471	0.317796610169	5A1Y-X-158	0.662162162162	yes	Coatomer subunit gamma-1
Q9QZE5	471	0.258474576271	5A1W-E-471	0.662162162162	yes	Coatomer subunit gamma-1
Q9QZE5	471	0.139830508475	5A1Y-D-413	0.662162162162	yes	Coatomer subunit gamma-1
Q9QZE5	471	0.131355932203	5A1V-D-413	0.662162162162	yes	Coatomer subunit gamma-1
Q9QZE5	471	0.351694915254	5A1W-H-309	0.662162162162	yes	Coatomer subunit gamma-1
Q9QZE5	471	0.258474576271	5A1Y-M-471	0.662162162162	yes	Coatomer subunit gamma-1
Q9QZE5	471	0.305084745763	5NZT-I-72	0.662162162162	no	Coatomer subunit gamma-1
Q9QZE5	471	0.300847457627	5NZR-D-72	0.662162162162	no	Coatomer subunit gamma-1
Q9QZE5	471	0.292372881356	5NZT-D-72	0.662162162162	no	Coatomer subunit gamma-1
Q9QZE5	471	0.241525423729	5NZS-G-471	0.662162162162	no	Coatomer subunit gamma-1
Q9QZE5	471	0.135593220339	5A1Y-L-413	0.662162162162	yes	Coatomer subunit gamma-1
Q9QZE5	471	0.35593220339	5A1Y-H-309	0.662162162162	yes	Coatomer subunit gamma-1
Q9QZE5	471	0.245762711864	5NZT-G-471	0.662162162162	no	Coatomer subunit gamma-1
Q9QZE5	471	0.14406779661	5A1V-U-413	0.662162162162	yes	Coatomer subunit gamma-1
Q9QZE5	471	0.14406779661	5A1V-L-413	0.662162162162	yes	Coatomer subunit gamma-1
Q9QZE5	471	0.241525423729	5NZR-G-471	0.662162162162	no	Coatomer subunit gamma-1
Q9QZE5	471	0.262711864407	5A1Y-V-471	0.662162162162	yes	Coatomer subunit gamma-1
Q9QZE5	471	0.317796610169	5A1V-Z-158	0.662162162162	yes	Coatomer subunit gamma-1
Q9QZE5	471	0.317796610169	5NZT-E-158	0.662162162162	no	Coatomer subunit gamma-1
Q9QZE5	471	0.21186440678	5NZT-H-413	0.662162162162	no	Coatomer subunit gamma-1
Q9QZE5	471	0.254237288136	5A1X-M-471	0.662162162162	yes	Coatomer subunit gamma-1
Q9QZE5	471	0.322033898305	5A1Y-Z-158	0.662162162162	yes	Coatomer subunit gamma-1
Q9QZE5	471	0.139830508475	5A1X-L-413	0.662162162162	yes	Coatomer subunit gamma-1
Q9QZE5	471	0.139830508475	5A1W-D-413	0.662162162162	yes	Coatomer subunit gamma-1
Q9QZE5	471	0.347457627119	5A1X-P-309	0.662162162162	yes	Coatomer subunit gamma-1
Q9QZE5	471	0.254237288136	5A1X-E-471	0.662162162162	yes	Coatomer subunit gamma-1
Q9QZE5	471	0.14406779661	5A1U-D-413	0.662162162162	yes	Coatomer subunit gamma-1
Q9QZE5	471	0.347457627119	5A1X-H-309	0.662162162162	yes	Coatomer subunit gamma-1
Q9QZE5	471	0.258474576271	5A1V-V-471	0.662162162162	yes	Coatomer subunit gamma-1
Q9QZE5	471	0.254237288136	5A1V-E-471	0.662162162162	yes	Coatomer subunit gamma-1
Q9QZE5	471	0.377118644068	5NZU-D-309	0.662162162162	no	Coatomer subunit gamma-1
Q9QZE5	471	0.245762711864	5NZV-G-471	0.662162162162	no	Coatomer subunit gamma-1
Q9QZE5	471	0.322033898305	5A1V-Q-158	0.662162162162	yes	Coatomer subunit gamma-1
Q9QZE5	471	0.372881355932	5NZV-D-309	0.662162162162	yes	Coatomer subunit gamma-1
Q9QZE5	471	0.305084745763	5NZV-N-72	0.662162162162	no	Coatomer subunit gamma-1
Q9QZE5	471	0.322033898305	5NZV-E-158	0.662162162162	no	Coatomer subunit gamma-1
Q9QZE5	514	0.266949152542	5A1V-T-715	0.317406143345	yes	Coatomer subunit gamma-1
Q9QZE5	514	0.275423728814	5A1Y-C-715	0.317406143345	yes	Coatomer subunit gamma-1
Q9QZE5	514	0.283898305085	5A1Y-E-514	0.317406143345	yes	Coatomer subunit gamma-1
Q9QZE5	514	0.381355932203	5NZU-C-569	0.317406143345	no	Coatomer subunit gamma-1
Q9QZE5	514	0.283898305085	5A1V-V-514	0.317406143345	yes	Coatomer subunit gamma-1
Q9QZE5	514	0.377118644068	5NZR-C-569	0.317406143345	no	Coatomer subunit gamma-1
Q9QZE5	514	0.292372881356	5A1U-E-514	0.317406143345	yes	Coatomer subunit gamma-1
Q9QZE5	514	0.377118644068	5NZS-C-569	0.317406143345	no	Coatomer subunit gamma-1
Q9QZE5	514	0.292372881356	5A1Y-M-514	0.317406143345	yes	Coatomer subunit gamma-1
Q9QZE5	514	0.220338983051	5A1Y-X-170	0.317406143345	yes	Coatomer subunit gamma-1
Q9QZE5	514	0.266949152542	5NZR-G-514	0.317406143345	yes	Coatomer subunit gamma-1
Q9QZE5	514	0.266949152542	5NZT-G-514	0.317406143345	no	Coatomer subunit gamma-1
Q9QZE5	514	0.203389830508	5NZV-E-170	0.317406143345	no	Coatomer subunit gamma-1
Q9QZE5	514	0.21186440678	5A1V-Z-170	0.317406143345	no	Coatomer subunit gamma-1
Q9QZE5	514	0.305084745763	5A1Y-V-514	0.317406143345	no	Coatomer subunit gamma-1
Q9QZE5	514	0.275423728814	5NZU-G-514	0.317406143345	yes	Coatomer subunit gamma-1
Q9QZE5	514	0.266949152542	5A1Y-K-715	0.317406143345	yes	Coatomer subunit gamma-1
Q9QZE5	514	0.21186440678	5A1Y-Z-170	0.317406143345	yes	Coatomer subunit gamma-1
Q9QZE5	514	0.292372881356	5A1V-E-514	0.317406143345	yes	Coatomer subunit gamma-1
Q9QZE5	514	0.381355932203	5NZV-J-569	0.317406143345	no	Coatomer subunit gamma-1
Q9QZE5	514	0.296610169492	5NZV-H-715	0.317406143345	no	Coatomer subunit gamma-1
Q9QZE5	514	0.292372881356	5A1X-M-514	0.317406143345	yes	Coatomer subunit gamma-1
Q9QZE5	514	0.21186440678	5NZT-E-170	0.317406143345	no	Coatomer subunit gamma-1
Q9QZE5	514	0.292372881356	5NZT-A-715	0.317406143345	no	Coatomer subunit gamma-1
Q9QZE5	514	0.292372881356	5A1W-E-514	0.317406143345	yes	Coatomer subunit gamma-1
Q9QZE5	514	0.292372881356	5A1X-E-514	0.317406143345	yes	Coatomer subunit gamma-1
Q9QZE5	514	0.266949152542	5NZS-G-514	0.317406143345	no	Coatomer subunit gamma-1
Q9QZE5	514	0.385593220339	5NZT-C-569	0.317406143345	no	Coatomer subunit gamma-1
Q9QZE5	514	0.372881355932	5NZV-C-569	0.317406143345	no	Coatomer subunit gamma-1
Q9QZE5	514	0.275423728814	5A1V-K-715	0.317406143345	yes	Coatomer subunit gamma-1
Q9QZE5	514	0.216101694915	5A1V-Q-170	0.317406143345	no	Coatomer subunit gamma-1
Q9QZE5	514	0.266949152542	5NZV-G-514	0.317406143345	no	Coatomer subunit gamma-1
Q9QZE5	514	0.292372881356	5NZV-A-715	0.317406143345	no	Coatomer subunit gamma-1
Q9QZE5	514	0.292372881356	5A1V-M-514	0.317406143345	yes	Coatomer subunit gamma-1
Q9QZE5	514	0.21186440678	5NZV-O-170	0.317406143345	no	Coatomer subunit gamma-1
Q99KQ4	19	0.0169491525424	2H3B-B-19	0.732142857143	yes	Nicotinamide phosphoribosyltransferase
Q99KQ4	19	0.0254237288136	2H3D-B-19	0.732142857143	yes	Nicotinamide phosphoribosyltransferase
Q99KQ4	19	0.0254237288136	2H3D-A-19	0.732142857143	yes	Nicotinamide phosphoribosyltransferase
Q99KQ4	19	0.0169491525424	2H3B-A-19	0.732142857143	yes	Nicotinamide phosphoribosyltransferase
Q99KQ4	19	0.0169491525424	2GVL-B-19	0.732142857143	yes	Nicotinamide phosphoribosyltransferase
Q99KQ4	19	0.0169491525424	2GVL-A-19	0.732142857143	yes	Nicotinamide phosphoribosyltransferase
Q99KQ4	32	0.228813559322	2H3D-A-32	0.544378698225	no	Nicotinamide phosphoribosyltransferase
Q99KQ4	32	0.233050847458	2GVL-B-32	0.544378698225	no	Nicotinamide phosphoribosyltransferase
Q99KQ4	32	0.173728813559	2H3B-A-32	0.544378698225	no	Nicotinamide phosphoribosyltransferase
Q99KQ4	32	0.228813559322	2H3B-B-32	0.544378698225	no	Nicotinamide phosphoribosyltransferase
Q99KQ4	32	0.237288135593	2GVL-A-32	0.544378698225	no	Nicotinamide phosphoribosyltransferase
Q99KQ4	32	0.199152542373	2H3D-B-32	0.544378698225	yes	Nicotinamide phosphoribosyltransferase
Q99KQ4	84	0.233050847458	2H3D-B-84	0.60119047619	no	Nicotinamide phosphoribosyltransferase
Q99KQ4	84	0.309322033898	2GVL-A-84	0.60119047619	yes	Nicotinamide phosphoribosyltransferase
Q99KQ4	84	0.182203389831	2H3B-B-84	0.60119047619	no	Nicotinamide phosphoribosyltransferase
Q99KQ4	84	0.131355932203	2H3B-A-84	0.60119047619	no	Nicotinamide phosphoribosyltransferase
Q99KQ4	84	0.233050847458	2GVL-B-84	0.60119047619	yes	Nicotinamide phosphoribosyltransferase
Q99KQ4	84	0.245762711864	2H3D-A-84	0.60119047619	no	Nicotinamide phosphoribosyltransferase
Q99KQ4	117	0.245762711864	2GVL-A-117	0.761904761905	yes	Nicotinamide phosphoribosyltransferase
Q99KQ4	117	0.258474576271	2GVL-B-117	0.761904761905	yes	Nicotinamide phosphoribosyltransferase
Q99KQ4	117	0.271186440678	2H3D-A-117	0.761904761905	yes	Nicotinamide phosphoribosyltransferase
Q99KQ4	117	0.262711864407	2H3D-B-117	0.761904761905	yes	Nicotinamide phosphoribosyltransferase
Q99KQ4	117	0.266949152542	2H3B-B-117	0.761904761905	no	Nicotinamide phosphoribosyltransferase
Q99KQ4	117	0.266949152542	2H3B-A-117	0.761904761905	yes	Nicotinamide phosphoribosyltransferase
Q99KQ4	174	0.584745762712	2H3B-A-174	0.467065868263	yes	Nicotinamide phosphoribosyltransferase
Q99KQ4	174	0.470338983051	2GVL-B-174	0.467065868263	no	Nicotinamide phosphoribosyltransferase
Q99KQ4	174	0.406779661017	2GVL-A-174	0.467065868263	no	Nicotinamide phosphoribosyltransferase
Q99KQ4	174	0.487288135593	2H3B-B-174	0.467065868263	yes	Nicotinamide phosphoribosyltransferase
Q99KQ4	174	0.453389830508	2H3D-B-174	0.467065868263	no	Nicotinamide phosphoribosyltransferase
Q99KQ4	174	0.572033898305	2H3D-A-174	0.467065868263	no	Nicotinamide phosphoribosyltransferase
Q99KQ4	189	0.0466101694915	2GVL-A-189	0.542168674699	yes	Nicotinamide phosphoribosyltransferase
Q99KQ4	189	0.0508474576271	2H3B-B-189	0.542168674699	yes	Nicotinamide phosphoribosyltransferase
Q99KQ4	189	0.0466101694915	2H3B-A-189	0.542168674699	yes	Nicotinamide phosphoribosyltransferase
Q99KQ4	189	0.0805084745763	2GVL-B-189	0.542168674699	yes	Nicotinamide phosphoribosyltransferase
Q99KQ4	189	0.0805084745763	2H3D-A-189	0.542168674699	yes	Nicotinamide phosphoribosyltransferase
Q99KQ4	189	0.0550847457627	2H3D-B-189	0.542168674699	yes	Nicotinamide phosphoribosyltransferase
Q99KQ4	339	0.46186440678	2H3B-A-339	0.786982248521	no	Nicotinamide phosphoribosyltransferase
Q99KQ4	339	0.483050847458	2H3D-A-339	0.786982248521	no	Nicotinamide phosphoribosyltransferase
Q99KQ4	339	0.427966101695	2H3D-B-339	0.786982248521	no	Nicotinamide phosphoribosyltransferase
Q99KQ4	339	0.432203389831	2H3B-B-339	0.786982248521	no	Nicotinamide phosphoribosyltransferase
Q99KQ4	339	0.478813559322	2GVL-A-339	0.786982248521	no	Nicotinamide phosphoribosyltransferase
Q99KQ4	339	0.5	2GVL-B-339	0.786982248521	no	Nicotinamide phosphoribosyltransferase
Q99KQ4	342	0.283898305085	2GVL-A-342	0.810650887574	yes	Nicotinamide phosphoribosyltransferase
Q99KQ4	342	0.305084745763	2GVL-B-342	0.810650887574	no	Nicotinamide phosphoribosyltransferase
Q99KQ4	342	0.254237288136	2H3D-B-342	0.810650887574	yes	Nicotinamide phosphoribosyltransferase
Q99KQ4	342	0.258474576271	2H3B-B-342	0.810650887574	no	Nicotinamide phosphoribosyltransferase
Q99KQ4	342	0.237288135593	2H3B-A-342	0.810650887574	yes	Nicotinamide phosphoribosyltransferase
Q99KQ4	342	0.258474576271	2H3D-A-342	0.810650887574	yes	Nicotinamide phosphoribosyltransferase
Q9QZ85	26	0.75	5FPH-E-26	0.105263157895	yes	Interferon-inducible GTPase 1
Q9QZ85	26	0.457627118644	1TPZ-A-26	0.105263157895	yes	Interferon-inducible GTPase 1
Q9QZ85	26	0.745762711864	5FPH-D-26	0.105263157895	yes	Interferon-inducible GTPase 1
Q9QZ85	26	0.364406779661	5FPH-C-26	0.105263157895	yes	Interferon-inducible GTPase 1
Q9QZ85	26	0.317796610169	5FPH-F-26	0.105263157895	yes	Interferon-inducible GTPase 1
Q9QZ85	26	0.758474576271	1TQ4-A-26	0.105263157895	no	Interferon-inducible GTPase 1
Q9QZ85	26	0.466101694915	1TQD-B-26	0.105263157895	yes	Interferon-inducible GTPase 1
Q9QZ85	26	0.466101694915	1TQ2-A-26	0.105263157895	yes	Interferon-inducible GTPase 1
Q9QZ85	26	0.728813559322	4LV8-B-26	0.105263157895	no	Interferon-inducible GTPase 1
Q9QZ85	26	0.338983050847	5FPH-B-26	0.105263157895	yes	Interferon-inducible GTPase 1
Q9QZ85	26	0.491525423729	1TQ2-B-26	0.105263157895	no	Interferon-inducible GTPase 1
Q9QZ85	26	0.453389830508	5FPH-G-26	0.105263157895	yes	Interferon-inducible GTPase 1
Q9QZ85	26	0.694915254237	5FPH-A-26	0.105263157895	no	Interferon-inducible GTPase 1
Q9QZ85	26	0.614406779661	1TQ6-A-26	0.105263157895	yes	Interferon-inducible GTPase 1
Q9QZ85	26	0.529661016949	1TQD-A-26	0.105263157895	yes	Interferon-inducible GTPase 1
Q9QZ85	26	0.529661016949	1TPZ-B-26	0.105263157895	no	Interferon-inducible GTPase 1
Q9QZ85	26	0.758474576271	4LV5-B-26	0.105263157895	yes	Interferon-inducible GTPase 1
Q9QZ85	32	0.161016949153	4LV5-B-32	0.245614035088	no	Interferon-inducible GTPase 1
Q9QZ85	32	0.148305084746	1TQ4-A-32	0.245614035088	no	Interferon-inducible GTPase 1
Q9QZ85	32	0.101694915254	1TQ2-B-32	0.245614035088	no	Interferon-inducible GTPase 1
Q9QZ85	32	0.0974576271186	1TQ2-A-32	0.245614035088	yes	Interferon-inducible GTPase 1
Q9QZ85	32	0.10593220339	1TQD-B-32	0.245614035088	no	Interferon-inducible GTPase 1
Q9QZ85	32	0.190677966102	4LV8-B-32	0.245614035088	yes	Interferon-inducible GTPase 1
Q9QZ85	32	0.377118644068	4LV5-A-233	0.245614035088	no	Interferon-inducible GTPase 1
Q9QZ85	32	0.338983050847	4LV8-A-233	0.245614035088	no	Interferon-inducible GTPase 1
Q9QZ85	32	0.0720338983051	1TQD-A-32	0.245614035088	no	Interferon-inducible GTPase 1
Q9QZ85	32	0.0974576271186	1TPZ-A-32	0.245614035088	yes	Interferon-inducible GTPase 1
Q9QZ85	32	0.10593220339	1TPZ-B-32	0.245614035088	no	Interferon-inducible GTPase 1
Q9QZ85	32	0.139830508475	1TQ6-A-32	0.245614035088	no	Interferon-inducible GTPase 1
Q9QZ85	101	0.483050847458	4LV5-B-101	0.0877192982456	yes	Interferon-inducible GTPase 1
Q9QZ85	101	0.618644067797	4LV8-B-101	0.0877192982456	yes	Interferon-inducible GTPase 1
Q9QZ85	101	0.423728813559	5FPH-C-101	0.0877192982456	yes	Interferon-inducible GTPase 1
Q9QZ85	101	0.64406779661	1TQ2-A-101	0.0877192982456	no	Interferon-inducible GTPase 1
Q9QZ85	101	0.381355932203	1TQ2-B-101	0.0877192982456	yes	Interferon-inducible GTPase 1
Q9QZ85	101	0.703389830508	5FPH-F-101	0.0877192982456	yes	Interferon-inducible GTPase 1
Q9QZ85	101	0.716101694915	5FPH-E-101	0.0877192982456	yes	Interferon-inducible GTPase 1
Q9QZ85	101	0.754237288136	1TQ4-A-101	0.0877192982456	yes	Interferon-inducible GTPase 1
Q9QZ85	101	0.563559322034	5FPH-G-101	0.0877192982456	yes	Interferon-inducible GTPase 1
Q9QZ85	101	0.64406779661	1TQ6-A-101	0.0877192982456	yes	Interferon-inducible GTPase 1
Q9QZ85	101	0.601694915254	5FPH-D-101	0.0877192982456	yes	Interferon-inducible GTPase 1
Q9QZ85	101	0.610169491525	1TPZ-B-101	0.0877192982456	yes	Interferon-inducible GTPase 1
Q9QZ85	101	0.631355932203	1TPZ-A-101	0.0877192982456	yes	Interferon-inducible GTPase 1
Q9QZ85	101	0.631355932203	1TQD-B-101	0.0877192982456	yes	Interferon-inducible GTPase 1
Q9QZ85	101	0.703389830508	5FPH-B-101	0.0877192982456	yes	Interferon-inducible GTPase 1
Q9QZ85	101	0.372881355932	5FPH-A-101	0.0877192982456	yes	Interferon-inducible GTPase 1
Q9QZ85	101	0.533898305085	1TQD-A-101	0.0877192982456	no	Interferon-inducible GTPase 1
Q9QZ85	204	0.440677966102	1TQD-A-204	0.140350877193	no	Interferon-inducible GTPase 1
Q9QZ85	204	0.432203389831	5FPH-E-204	0.140350877193	yes	Interferon-inducible GTPase 1
Q9QZ85	204	0.432203389831	5FPH-B-204	0.140350877193	no	Interferon-inducible GTPase 1
Q9QZ85	204	0.699152542373	1TQ2-B-204	0.140350877193	yes	Interferon-inducible GTPase 1
Q9QZ85	204	0.436440677966	5FPH-C-204	0.140350877193	yes	Interferon-inducible GTPase 1
Q9QZ85	204	0.652542372881	1TPZ-B-204	0.140350877193	yes	Interferon-inducible GTPase 1
Q9QZ85	204	0.487288135593	5FPH-G-204	0.140350877193	yes	Interferon-inducible GTPase 1
Q9QZ85	204	0.491525423729	5FPH-F-204	0.140350877193	yes	Interferon-inducible GTPase 1
Q9QZ85	204	0.478813559322	4LV5-B-204	0.140350877193	yes	Interferon-inducible GTPase 1
Q9QZ85	204	0.610169491525	5FPH-A-204	0.140350877193	no	Interferon-inducible GTPase 1
Q9QZ85	204	0.483050847458	1TQ4-A-204	0.140350877193	no	Interferon-inducible GTPase 1
Q9QZ85	204	0.292372881356	1TQD-B-204	0.140350877193	no	Interferon-inducible GTPase 1
Q9QZ85	204	0.555084745763	1TPZ-A-204	0.140350877193	no	Interferon-inducible GTPase 1
Q9QZ85	204	0.622881355932	1TQ2-A-204	0.140350877193	yes	Interferon-inducible GTPase 1
Q9QZ85	204	0.563559322034	4LV8-B-204	0.140350877193	yes	Interferon-inducible GTPase 1
Q9QZ85	204	0.533898305085	5FPH-D-204	0.140350877193	no	Interferon-inducible GTPase 1
Q9QZ85	204	0.618644067797	1TQ6-A-204	0.140350877193	yes	Interferon-inducible GTPase 1
Q9QZ85	255	0.0550847457627	5FPH-F-255	0.263157894737	no	Interferon-inducible GTPase 1
Q9QZ85	255	0.0381355932203	5FPH-A-255	0.263157894737	no	Interferon-inducible GTPase 1
Q9QZ85	255	0.0720338983051	4LV5-B-255	0.263157894737	no	Interferon-inducible GTPase 1
Q9QZ85	255	0.0593220338983	5FPH-D-255	0.263157894737	no	Interferon-inducible GTPase 1
Q9QZ85	255	0.10593220339	1TQ6-A-255	0.263157894737	no	Interferon-inducible GTPase 1
Q9QZ85	255	0.10593220339	4LV8-B-255	0.263157894737	no	Interferon-inducible GTPase 1
Q9QZ85	255	0.110169491525	1TQ2-A-255	0.263157894737	yes	Interferon-inducible GTPase 1
Q9QZ85	255	0.0381355932203	1TQ2-B-255	0.263157894737	no	Interferon-inducible GTPase 1
Q9QZ85	255	0.0974576271186	1TQD-A-255	0.263157894737	no	Interferon-inducible GTPase 1
Q9QZ85	255	0.118644067797	5FPH-B-255	0.263157894737	no	Interferon-inducible GTPase 1
Q9QZ85	255	0.0550847457627	5FPH-G-255	0.263157894737	no	Interferon-inducible GTPase 1
Q9QZ85	255	0.0847457627119	5FPH-E-255	0.263157894737	no	Interferon-inducible GTPase 1
Q9QZ85	255	0.0508474576271	5FPH-C-255	0.263157894737	no	Interferon-inducible GTPase 1
Q9QZ85	255	0.0550847457627	1TQD-B-255	0.263157894737	yes	Interferon-inducible GTPase 1
Q9QZ85	255	0.0381355932203	1TPZ-B-255	0.263157894737	no	Interferon-inducible GTPase 1
Q9QZ85	255	0.0338983050847	1TPZ-A-255	0.263157894737	no	Interferon-inducible GTPase 1
Q9QZ85	255	0.0889830508475	1TQ4-A-255	0.263157894737	no	Interferon-inducible GTPase 1
Q9QZ85	274	0.00423728813559	5FPH-D-274	0.315789473684	no	Interferon-inducible GTPase 1
Q9QZ85	274	0.00423728813559	1TPZ-B-274	0.315789473684	yes	Interferon-inducible GTPase 1
Q9QZ85	274	0.00847457627119	1TPZ-A-274	0.315789473684	yes	Interferon-inducible GTPase 1
Q9QZ85	274	0.00847457627119	1TQD-A-274	0.315789473684	yes	Interferon-inducible GTPase 1
Q9QZ85	274	0.00423728813559	5FPH-A-274	0.315789473684	no	Interferon-inducible GTPase 1
Q9QZ85	274	0.00423728813559	5FPH-F-274	0.315789473684	no	Interferon-inducible GTPase 1
Q9QZ85	274	0.00847457627119	1TQ6-A-274	0.315789473684	yes	Interferon-inducible GTPase 1
Q9QZ85	274	0.00423728813559	5FPH-G-274	0.315789473684	yes	Interferon-inducible GTPase 1
Q9QZ85	274	0.00423728813559	4LV8-B-274	0.315789473684	no	Interferon-inducible GTPase 1
Q9QZ85	274	0.00847457627119	1TQ2-A-274	0.315789473684	yes	Interferon-inducible GTPase 1
Q9QZ85	274	0.00423728813559	5FPH-C-274	0.315789473684	no	Interferon-inducible GTPase 1
Q9QZ85	274	0.00423728813559	1TQ2-B-274	0.315789473684	yes	Interferon-inducible GTPase 1
Q9QZ85	274	0.0	5FPH-B-274	0.315789473684	yes	Interferon-inducible GTPase 1
Q9QZ85	274	0.00847457627119	1TQD-B-274	0.315789473684	yes	Interferon-inducible GTPase 1
Q9QZ85	274	0.00423728813559	1TQ4-A-274	0.315789473684	yes	Interferon-inducible GTPase 1
Q9QZ85	274	0.00847457627119	4LV5-B-274	0.315789473684	yes	Interferon-inducible GTPase 1
Q9QZ85	274	0.00423728813559	5FPH-E-274	0.315789473684	no	Interferon-inducible GTPase 1
Q9QZ85	352	0.389830508475	1TQ6-A-352	0.105263157895	yes	Interferon-inducible GTPase 1
Q9QZ85	352	0.411016949153	1TPZ-A-352	0.105263157895	yes	Interferon-inducible GTPase 1
Q9QZ85	352	0.406779661017	1TPZ-B-352	0.105263157895	yes	Interferon-inducible GTPase 1
Q9QZ85	352	0.381355932203	5FPH-F-352	0.105263157895	yes	Interferon-inducible GTPase 1
Q9QZ85	352	0.406779661017	1TQ4-A-352	0.105263157895	yes	Interferon-inducible GTPase 1
Q9QZ85	352	0.440677966102	5FPH-E-352	0.105263157895	no	Interferon-inducible GTPase 1
Q9QZ85	352	0.406779661017	5FPH-A-352	0.105263157895	yes	Interferon-inducible GTPase 1
Q9QZ85	352	0.449152542373	5FPH-C-352	0.105263157895	yes	Interferon-inducible GTPase 1
Q9QZ85	352	0.508474576271	5FPH-B-352	0.105263157895	no	Interferon-inducible GTPase 1
Q9QZ85	352	0.398305084746	1TQ2-B-352	0.105263157895	yes	Interferon-inducible GTPase 1
Q9QZ85	352	0.372881355932	5FPH-D-352	0.105263157895	no	Interferon-inducible GTPase 1
Q9QZ85	352	0.427966101695	5FPH-G-352	0.105263157895	yes	Interferon-inducible GTPase 1
Q9QZ85	352	0.487288135593	1TQ2-A-352	0.105263157895	yes	Interferon-inducible GTPase 1
Q9QZ85	352	0.427966101695	4LV8-B-352	0.105263157895	yes	Interferon-inducible GTPase 1
Q9QZ85	352	0.436440677966	4LV5-B-352	0.105263157895	yes	Interferon-inducible GTPase 1
Q9QZ85	352	0.580508474576	1TQD-A-352	0.105263157895	yes	Interferon-inducible GTPase 1
Q9QZ85	352	0.525423728814	1TQD-B-352	0.105263157895	yes	Interferon-inducible GTPase 1
P84099	190	0.491525423729	1K8D-A-253	0.255707762557	no	60S ribosomal protein L19
Q93092	130	0.60593220339	2CWN-B-130	0.290909090909	yes	Transaldolase
Q93092	130	0.60593220339	2E1D-A-130	0.290909090909	no	Transaldolase
Q93092	130	0.618644067797	2E1D-B-130	0.290909090909	no	Transaldolase
Q93092	130	0.601694915254	2CWN-A-130	0.290909090909	no	Transaldolase
Q93092	215	0.53813559322	2CWN-A-215	0.275757575758	yes	Transaldolase
Q93092	215	0.572033898305	2CWN-B-215	0.275757575758	yes	Transaldolase
Q93092	215	0.546610169492	2E1D-B-215	0.275757575758	yes	Transaldolase
Q93092	215	0.529661016949	2E1D-A-215	0.275757575758	yes	Transaldolase
Q93092	219	0.504237288136	2E1D-B-219	0.348484848485	yes	Transaldolase
Q93092	219	0.470338983051	2E1D-A-219	0.348484848485	yes	Transaldolase
Q93092	219	0.423728813559	2CWN-A-219	0.348484848485	yes	Transaldolase
Q93092	219	0.440677966102	2CWN-B-219	0.348484848485	yes	Transaldolase
Q93092	265	0.707627118644	2CWN-A-265	0.227272727273	no	Transaldolase
Q93092	265	0.690677966102	2E1D-A-265	0.227272727273	no	Transaldolase
Q93092	265	0.60593220339	2E1D-B-265	0.227272727273	no	Transaldolase
Q93092	265	0.733050847458	2CWN-B-265	0.227272727273	no	Transaldolase
Q93092	269	0.843220338983	2E1D-B-269	0.175757575758	no	Transaldolase
Q93092	269	0.775423728814	2CWN-B-269	0.175757575758	no	Transaldolase
Q93092	269	0.805084745763	2CWN-A-269	0.175757575758	no	Transaldolase
Q93092	269	0.673728813559	2E1D-A-269	0.175757575758	no	Transaldolase
Q93092	277	0.716101694915	2E1D-B-277	0.157575757576	no	Transaldolase
Q93092	277	0.71186440678	2CWN-A-277	0.157575757576	no	Transaldolase
Q93092	277	0.622881355932	2CWN-B-277	0.157575757576	no	Transaldolase
Q93092	277	0.766949152542	2E1D-A-277	0.157575757576	no	Transaldolase
Q93092	321	0.419491525424	2E1D-B-321	0.755287009063	no	Transaldolase
Q93092	321	0.491525423729	2CWN-B-321	0.755287009063	no	Transaldolase
Q93092	321	0.46186440678	2CWN-A-321	0.755287009063	no	Transaldolase
Q93092	321	0.453389830508	2E1D-A-321	0.755287009063	no	Transaldolase
P68134	70	0.46186440678	4B1U-B-68	0.857142857143	no	Actin, aortic smooth muscle
P42227	601	0.317796610169	4E68-A-601	0.83908045977	no	Signal transducer and activator of transcription 3
P42227	601	0.330508474576	3CWG-A-601	0.83908045977	yes	Signal transducer and activator of transcription 3
P42227	601	0.283898305085	3CWG-B-1601	0.83908045977	yes	Signal transducer and activator of transcription 3
P42227	601	0.266949152542	1BG1-A-601	0.83908045977	no	Signal transducer and activator of transcription 3
P42227	642	0.0889830508475	4E68-A-642	0.819277108434	no	Signal transducer and activator of transcription 3
P42227	642	0.0677966101695	3CWG-B-1642	0.819277108434	no	Signal transducer and activator of transcription 3
P42227	642	0.0720338983051	3CWG-A-642	0.819277108434	yes	Signal transducer and activator of transcription 3
P42227	642	0.0762711864407	1BG1-A-642	0.819277108434	no	Signal transducer and activator of transcription 3
Q9CXW3	213	0.622881355932	2JTT-C-213	0.876923076923	yes	Calcyclin-binding protein
Q9CXW3	213	0.588983050847	2JTT-D-213	0.876923076923	no	Calcyclin-binding protein
P35505	79	0.419491525424	1QQJ-A-79	0.330578512397	yes	Fumarylacetoacetase
P35505	79	0.457627118644	1QCN-B-579	0.330578512397	no	Fumarylacetoacetase
P35505	79	0.419491525424	1QCN-A-79	0.330578512397	yes	Fumarylacetoacetase
P35505	79	0.449152542373	1QCO-A-79	0.330578512397	yes	Fumarylacetoacetase
P35505	79	0.453389830508	2HZY-B-79	0.330578512397	yes	Fumarylacetoacetase
P35505	79	0.406779661017	2HZY-A-79	0.330578512397	yes	Fumarylacetoacetase
P35505	79	0.402542372881	1QQJ-B-79	0.330578512397	yes	Fumarylacetoacetase
P35505	79	0.398305084746	1QCO-B-579	0.330578512397	yes	Fumarylacetoacetase
P35505	79	0.466101694915	1HYO-B-579	0.330578512397	yes	Fumarylacetoacetase
P35505	79	0.415254237288	1HYO-A-79	0.330578512397	yes	Fumarylacetoacetase
P35505	144	0.669491525424	1HYO-B-644	0.427385892116	no	Fumarylacetoacetase
P35505	144	0.762711864407	2HZY-A-144	0.427385892116	yes	Fumarylacetoacetase
P35505	144	0.771186440678	1HYO-A-144	0.427385892116	no	Fumarylacetoacetase
P35505	144	0.771186440678	2HZY-B-144	0.427385892116	no	Fumarylacetoacetase
P35505	144	0.707627118644	1QCO-B-644	0.427385892116	no	Fumarylacetoacetase
P35505	144	0.779661016949	1QCO-A-144	0.427385892116	no	Fumarylacetoacetase
P35505	144	0.686440677966	1QQJ-A-144	0.427385892116	no	Fumarylacetoacetase
P35505	144	0.661016949153	1QQJ-B-144	0.427385892116	no	Fumarylacetoacetase
P35505	144	0.707627118644	1QCN-B-644	0.427385892116	no	Fumarylacetoacetase
P35505	144	0.762711864407	1QCN-A-144	0.427385892116	no	Fumarylacetoacetase
P35505	371	0.529661016949	1HYO-A-371	0.604081632653	no	Fumarylacetoacetase
P35505	371	0.563559322034	2HZY-B-371	0.604081632653	yes	Fumarylacetoacetase
P35505	371	0.512711864407	1QCO-A-371	0.604081632653	no	Fumarylacetoacetase
P35505	371	0.550847457627	1QCN-A-371	0.604081632653	no	Fumarylacetoacetase
P35505	371	0.572033898305	1QQJ-A-371	0.604081632653	no	Fumarylacetoacetase
P35505	371	0.555084745763	2HZY-A-371	0.604081632653	yes	Fumarylacetoacetase
P35505	371	0.550847457627	1HYO-B-871	0.604081632653	yes	Fumarylacetoacetase
P35505	371	0.546610169492	1QQJ-B-371	0.604081632653	no	Fumarylacetoacetase
P35505	371	0.487288135593	1QCO-B-871	0.604081632653	yes	Fumarylacetoacetase
P35505	371	0.580508474576	1QCN-B-871	0.604081632653	yes	Fumarylacetoacetase
P35505	411	0.419491525424	2HZY-A-411	0.534693877551	no	Fumarylacetoacetase
P35505	411	0.35593220339	1QCO-A-411	0.534693877551	no	Fumarylacetoacetase
P35505	411	0.406779661017	1QCN-A-411	0.534693877551	no	Fumarylacetoacetase
P35505	411	0.398305084746	1QCN-B-911	0.534693877551	no	Fumarylacetoacetase
P35505	411	0.326271186441	1QQJ-B-411	0.534693877551	no	Fumarylacetoacetase
P35505	411	0.402542372881	1HYO-A-411	0.534693877551	no	Fumarylacetoacetase
P35505	411	0.389830508475	2HZY-B-411	0.534693877551	no	Fumarylacetoacetase
P35505	411	0.402542372881	1HYO-B-911	0.534693877551	no	Fumarylacetoacetase
P35505	411	0.381355932203	1QQJ-A-411	0.534693877551	no	Fumarylacetoacetase
P35505	411	0.423728813559	1QCO-B-911	0.534693877551	no	Fumarylacetoacetase
Q9JII6	23	0.53813559322	4GAC-A-23	0.697247706422	yes	Alcohol dehydrogenase [NADP(+)]
Q9JII6	23	0.576271186441	4GAC-B-23	0.697247706422	yes	Alcohol dehydrogenase [NADP(+)]
Q9JII6	85	0.220338983051	4GAC-B-85	0.719626168224	yes	Alcohol dehydrogenase [NADP(+)]
Q9JII6	85	0.199152542373	4GAC-A-85	0.719626168224	yes	Alcohol dehydrogenase [NADP(+)]
Q9JII6	127	0.453389830508	4GAC-A-127	0.601851851852	yes	Alcohol dehydrogenase [NADP(+)]
Q9JII6	127	0.588983050847	4GAC-B-127	0.601851851852	no	Alcohol dehydrogenase [NADP(+)]
Q9JII6	157	0.114406779661	4GAC-A-157	0.361111111111	yes	Alcohol dehydrogenase [NADP(+)]
Q9JII6	157	0.114406779661	4GAC-B-157	0.361111111111	yes	Alcohol dehydrogenase [NADP(+)]
Q9JII6	308	0.627118644068	4GAC-A-308	0.537037037037	no	Alcohol dehydrogenase [NADP(+)]
P09411	184	0.262711864407	4O3F-A-184	0.240648379052	yes	Phosphoglycerate kinase 1
P09411	192	0.419491525424	4O3F-A-192	0.820448877805	yes	Phosphoglycerate kinase 1
P09411	199	0.262711864407	4O3F-A-199	0.504987531172	yes	Phosphoglycerate kinase 1
P09411	216	0.559322033898	4O3F-A-216	0.985018726592	yes	Phosphoglycerate kinase 1
P09411	267	0.533898305085	4O3F-A-267	0.494382022472	no	Phosphoglycerate kinase 1
P09411	272	0.161016949153	4O3F-A-272	0.716604244694	no	Phosphoglycerate kinase 1
P63017	56	0.322033898305	3CQX-A-56	0.855123674912	yes	Heat shock cognate 71 kDa protein
P63017	56	0.322033898305	3CQX-B-56	0.855123674912	yes	Heat shock cognate 71 kDa protein
P63017	88	0.686440677966	3CQX-B-88	0.833333333333	no	Heat shock cognate 71 kDa protein
P63017	88	0.682203389831	3CQX-A-88	0.833333333333	no	Heat shock cognate 71 kDa protein
P63017	108	0.457627118644	3CQX-B-108	0.797872340426	yes	Heat shock cognate 71 kDa protein
P63017	108	0.512711864407	3CQX-A-108	0.797872340426	yes	Heat shock cognate 71 kDa protein
P63017	112	0.317796610169	3CQX-B-112	0.875886524823	no	Heat shock cognate 71 kDa protein
P63017	112	0.351694915254	3CQX-A-112	0.875886524823	no	Heat shock cognate 71 kDa protein
P63017	126	0.182203389831	3CQX-B-126	0.886524822695	yes	Heat shock cognate 71 kDa protein
P63017	126	0.135593220339	3CQX-A-126	0.886524822695	yes	Heat shock cognate 71 kDa protein
P63017	128	0.131355932203	3CQX-A-128	0.769503546099	no	Heat shock cognate 71 kDa protein
P63017	128	0.173728813559	3CQX-B-128	0.769503546099	no	Heat shock cognate 71 kDa protein
P63017	137	0.415254237288	3CQX-D-111	0.516014234875	no	Heat shock cognate 71 kDa protein
P63017	137	0.572033898305	3CQX-B-137	0.516014234875	no	Heat shock cognate 71 kDa protein
P63017	137	0.673728813559	3CQX-A-137	0.516014234875	no	Heat shock cognate 71 kDa protein
P63017	159	0.334745762712	3CQX-A-159	0.871886120996	no	Heat shock cognate 71 kDa protein
P63017	159	0.364406779661	3CQX-B-159	0.871886120996	no	Heat shock cognate 71 kDa protein
P63017	187	0.622881355932	3CQX-A-187	0.807829181495	no	Heat shock cognate 71 kDa protein
P63017	187	0.707627118644	3CQX-B-187	0.807829181495	no	Heat shock cognate 71 kDa protein
P63017	246	0.474576271186	3CQX-B-246	0.763250883392	no	Heat shock cognate 71 kDa protein
P63017	246	0.398305084746	3CQX-A-246	0.763250883392	no	Heat shock cognate 71 kDa protein
P63017	257	0.745762711864	3CQX-A-257	0.540636042403	yes	Heat shock cognate 71 kDa protein
P63017	257	0.478813559322	3CQX-B-257	0.540636042403	yes	Heat shock cognate 71 kDa protein
P63017	524	0.186440677966	3CQX-D-168	0.734982332155	no	Heat shock cognate 71 kDa protein
P63017	524	0.300847457627	3CQX-C-168	0.734982332155	yes	Heat shock cognate 71 kDa protein
P63017	526	0.440677966102	3CQX-D-169	0.720848056537	no	Heat shock cognate 71 kDa protein
P63017	526	0.512711864407	3CQX-C-169	0.720848056537	no	Heat shock cognate 71 kDa protein
P63017	583	0.622881355932	3CQX-D-186	0.326241134752	no	Heat shock cognate 71 kDa protein
P05132	280	0.533898305085	1ATP-E-279	0.744565217391	no	cAMP-dependent protein kinase catalytic subunit alpha
P05132	280	0.563559322034	4NTT-B-279	0.744565217391	no	cAMP-dependent protein kinase catalytic subunit alpha
P05132	280	0.5	4DH5-A-279	0.744565217391	no	cAMP-dependent protein kinase catalytic subunit alpha
P05132	280	0.521186440678	4DFZ-E-279	0.744565217391	no	cAMP-dependent protein kinase catalytic subunit alpha
P05132	280	0.406779661017	5JR7-C-279	0.744565217391	no	cAMP-dependent protein kinase catalytic subunit alpha
P05132	280	0.398305084746	3J4Q-E-279	0.744565217391	no	cAMP-dependent protein kinase catalytic subunit alpha
P05132	280	0.627906976744	1J3H-A-278	0.744565217391	no	cAMP-dependent protein kinase catalytic subunit alpha
P05132	280	0.39406779661	3J4R-E-279	0.744565217391	no	cAMP-dependent protein kinase catalytic subunit alpha
P05132	280	0.466101694915	1FMO-E-279	0.744565217391	no	cAMP-dependent protein kinase catalytic subunit alpha
P05132	280	0.402542372881	3J4R-D-279	0.744565217391	no	cAMP-dependent protein kinase catalytic subunit alpha
P05132	280	0.411016949153	4IAZ-A-279	0.744565217391	no	cAMP-dependent protein kinase catalytic subunit alpha
P05132	280	0.495762711864	3QAM-E-279	0.744565217391	no	cAMP-dependent protein kinase catalytic subunit alpha
P05132	280	0.516949152542	3FHI-A-279	0.744565217391	no	cAMP-dependent protein kinase catalytic subunit alpha
P05132	280	0.525423728814	4DG2-E-279	0.744565217391	no	cAMP-dependent protein kinase catalytic subunit alpha
P05132	280	0.504237288136	4IB0-A-279	0.744565217391	no	cAMP-dependent protein kinase catalytic subunit alpha
P05132	280	0.5	4DFX-E-279	0.744565217391	no	cAMP-dependent protein kinase catalytic subunit alpha
P05132	280	0.483050847458	3X2W-A-279	0.744565217391	no	cAMP-dependent protein kinase catalytic subunit alpha
P05132	280	0.504237288136	3IDC-A-279	0.744565217391	no	cAMP-dependent protein kinase catalytic subunit alpha
P05132	280	0.385593220339	4HPT-E-279	0.744565217391	no	cAMP-dependent protein kinase catalytic subunit alpha
P05132	280	0.470338983051	4IAY-A-279	0.744565217391	no	cAMP-dependent protein kinase catalytic subunit alpha
P05132	280	0.186440677966	2CPK-E-279	0.744565217391	no	cAMP-dependent protein kinase catalytic subunit alpha
P05132	280	0.521186440678	3X2V-A-279	0.744565217391	no	cAMP-dependent protein kinase catalytic subunit alpha
P05132	280	0.364406779661	3TNP-F-279	0.744565217391	no	cAMP-dependent protein kinase catalytic subunit alpha
P05132	280	0.588983050847	1SYK-A-279	0.744565217391	no	cAMP-dependent protein kinase catalytic subunit alpha
P05132	280	0.559322033898	5X3F-B-418	0.744565217391	no	cAMP-dependent protein kinase catalytic subunit alpha
P05132	280	0.46186440678	3O7L-B-279	0.744565217391	no	cAMP-dependent protein kinase catalytic subunit alpha
P05132	280	0.478813559322	3FJQ-E-279	0.744565217391	no	cAMP-dependent protein kinase catalytic subunit alpha
P05132	280	0.368644067797	3TNP-C-279	0.744565217391	no	cAMP-dependent protein kinase catalytic subunit alpha
P05132	280	0.415254237288	4IB3-A-279	0.744565217391	no	cAMP-dependent protein kinase catalytic subunit alpha
P05132	280	0.546610169492	4NTT-A-279	0.744565217391	no	cAMP-dependent protein kinase catalytic subunit alpha
P05132	280	0.508474576271	4DG3-E-279	0.744565217391	no	cAMP-dependent protein kinase catalytic subunit alpha
P05132	280	0.559322033898	4NTS-B-279	0.744565217391	no	cAMP-dependent protein kinase catalytic subunit alpha
P05132	280	0.389830508475	3TNQ-B-279	0.744565217391	no	cAMP-dependent protein kinase catalytic subunit alpha
P05132	280	0.317796610169	3J4R-C-313	0.744565217391	no	cAMP-dependent protein kinase catalytic subunit alpha
P05132	280	0.156779661017	3QAL-E-279	0.744565217391	no	cAMP-dependent protein kinase catalytic subunit alpha
P05132	280	0.398305084746	5JR7-A-279	0.744565217391	no	cAMP-dependent protein kinase catalytic subunit alpha
P05132	280	0.470338983051	1BX6-A-279	0.744565217391	no	cAMP-dependent protein kinase catalytic subunit alpha
P05132	280	0.487288135593	4IAC-A-279	0.744565217391	no	cAMP-dependent protein kinase catalytic subunit alpha
P05132	280	0.317796610169	3J4R-B-313	0.744565217391	no	cAMP-dependent protein kinase catalytic subunit alpha
P05132	280	0.564102564103	3FHI-B-218	0.744565217391	no	cAMP-dependent protein kinase catalytic subunit alpha
P05132	280	0.504237288136	4O21-A-279	0.744565217391	no	cAMP-dependent protein kinase catalytic subunit alpha
P05132	280	0.53813559322	1L3R-E-279	0.744565217391	no	cAMP-dependent protein kinase catalytic subunit alpha
P05132	280	0.5	4HPU-E-279	0.744565217391	no	cAMP-dependent protein kinase catalytic subunit alpha
P05132	280	0.360169491525	4X6Q-C-279	0.744565217391	no	cAMP-dependent protein kinase catalytic subunit alpha
P05132	280	0.385593220339	3J4Q-D-279	0.744565217391	no	cAMP-dependent protein kinase catalytic subunit alpha
P05132	280	0.131355932203	4DFY-E-279	0.744565217391	no	cAMP-dependent protein kinase catalytic subunit alpha
P05132	280	0.478813559322	4XW4-A-279	0.744565217391	no	cAMP-dependent protein kinase catalytic subunit alpha
P05132	280	0.491525423729	4DH3-A-279	0.744565217391	no	cAMP-dependent protein kinase catalytic subunit alpha
P05132	280	0.381355932203	2QCS-A-279	0.744565217391	no	cAMP-dependent protein kinase catalytic subunit alpha
P05132	280	0.478813559322	4IB1-A-279	0.744565217391	no	cAMP-dependent protein kinase catalytic subunit alpha
P05132	280	0.512711864407	4DH8-A-279	0.744565217391	no	cAMP-dependent protein kinase catalytic subunit alpha
P05132	280	0.491525423729	2QUR-A-279	0.744565217391	no	cAMP-dependent protein kinase catalytic subunit alpha
P05132	280	0.427966101695	4DIN-A-279	0.744565217391	yes	cAMP-dependent protein kinase catalytic subunit alpha
P05132	280	0.533898305085	1REK-A-279	0.744565217391	no	cAMP-dependent protein kinase catalytic subunit alpha
P05132	280	0.550847457627	4NTS-A-279	0.744565217391	no	cAMP-dependent protein kinase catalytic subunit alpha
P05132	280	0.406779661017	2QVS-E-279	0.744565217391	no	cAMP-dependent protein kinase catalytic subunit alpha
P05132	280	0.512711864407	4DG0-E-279	0.744565217391	no	cAMP-dependent protein kinase catalytic subunit alpha
P05132	280	0.169491525424	1JBP-E-279	0.744565217391	no	cAMP-dependent protein kinase catalytic subunit alpha
P05132	280	0.372881355932	4X6R-A-279	0.744565217391	no	cAMP-dependent protein kinase catalytic subunit alpha
P05132	280	0.516949152542	1REJ-A-279	0.744565217391	no	cAMP-dependent protein kinase catalytic subunit alpha
P05132	280	0.5	4IAI-A-279	0.744565217391	no	cAMP-dependent protein kinase catalytic subunit alpha
P05132	280	0.491525423729	1RDQ-E-279	0.744565217391	no	cAMP-dependent protein kinase catalytic subunit alpha
P05132	280	0.148305084746	1APM-E-279	0.744565217391	no	cAMP-dependent protein kinase catalytic subunit alpha
P05132	280	0.478813559322	3O7L-D-279	0.744565217391	no	cAMP-dependent protein kinase catalytic subunit alpha
P05132	280	0.478813559322	4DH1-A-279	0.744565217391	no	cAMP-dependent protein kinase catalytic subunit alpha
P05132	280	0.372881355932	4WBB-B-279	0.744565217391	no	cAMP-dependent protein kinase catalytic subunit alpha
P05132	280	0.252873563218	3PVB-A-275	0.744565217391	no	cAMP-dependent protein kinase catalytic subunit alpha
P05132	280	0.313559322034	3J4Q-B-313	0.744565217391	no	cAMP-dependent protein kinase catalytic subunit alpha
P05132	280	0.5	4XW6-A-279	0.744565217391	no	cAMP-dependent protein kinase catalytic subunit alpha
P05132	280	0.504237288136	1RE8-A-279	0.744565217391	no	cAMP-dependent protein kinase catalytic subunit alpha
P05132	280	0.46186440678	4O22-A-279	0.744565217391	no	cAMP-dependent protein kinase catalytic subunit alpha
P05132	280	0.412790697674	3PVB-B-217	0.744565217391	no	cAMP-dependent protein kinase catalytic subunit alpha
P05132	280	0.419491525424	4IAK-A-279	0.744565217391	no	cAMP-dependent protein kinase catalytic subunit alpha
P05132	280	0.546610169492	2ERZ-E-279	0.744565217391	no	cAMP-dependent protein kinase catalytic subunit alpha
P05132	280	0.504237288136	4IAD-A-279	0.744565217391	no	cAMP-dependent protein kinase catalytic subunit alpha
P05132	280	0.491525423729	3OW3-A-279	0.744565217391	no	cAMP-dependent protein kinase catalytic subunit alpha
P05132	280	0.317796610169	2QVS-B-311	0.744565217391	no	cAMP-dependent protein kinase catalytic subunit alpha
P05132	280	0.457627118644	1BKX-A-279	0.744565217391	no	cAMP-dependent protein kinase catalytic subunit alpha
P05132	280	0.313559322034	3J4Q-C-313	0.744565217391	no	cAMP-dependent protein kinase catalytic subunit alpha
P05132	280	0.529661016949	4IAF-A-279	0.744565217391	no	cAMP-dependent protein kinase catalytic subunit alpha
P05132	280	0.584745762712	1SYK-B-279	0.744565217391	no	cAMP-dependent protein kinase catalytic subunit alpha
P05132	280	0.491525423729	4DH7-A-279	0.744565217391	no	cAMP-dependent protein kinase catalytic subunit alpha
P05132	280	0.453389830508	4XW5-A-279	0.744565217391	no	cAMP-dependent protein kinase catalytic subunit alpha
P05132	280	0.521186440678	4DFY-A-279	0.744565217391	no	cAMP-dependent protein kinase catalytic subunit alpha
P05132	280	0.512711864407	3IDB-A-279	0.744565217391	no	cAMP-dependent protein kinase catalytic subunit alpha
P05132	280	0.508474576271	3X2U-A-279	0.744565217391	no	cAMP-dependent protein kinase catalytic subunit alpha
P05132	280	0.511627906977	1J3H-B-278	0.744565217391	no	cAMP-dependent protein kinase catalytic subunit alpha
P05132	280	0.186440677966	1JLU-E-279	0.744565217391	no	cAMP-dependent protein kinase catalytic subunit alpha
Q9WVE8	264	0.206896551724	3LLL-A-261	0.402777777778	no	Protein kinase C and casein kinase substrate in neurons protein 2
Q9WVE8	264	0.281609195402	3LLL-B-261	0.402777777778	no	Protein kinase C and casein kinase substrate in neurons protein 2
O55239	8	0.309322033898	2I62-C-9	0.314685314685	yes	Nicotinamide N-methyltransferase
O55239	8	0.347457627119	2I62-B-9	0.314685314685	yes	Nicotinamide N-methyltransferase
O55239	8	0.313559322034	5XVK-A-8	0.314685314685	yes	Nicotinamide N-methyltransferase
O55239	8	0.343220338983	5XVK-B-8	0.314685314685	yes	Nicotinamide N-methyltransferase
O55239	8	0.317796610169	2I62-D-9	0.314685314685	yes	Nicotinamide N-methyltransferase
O55239	8	0.330508474576	2I62-A-9	0.314685314685	yes	Nicotinamide N-methyltransferase
O55239	23	0.110169491525	5XVK-B-23	0.244755244755	no	Nicotinamide N-methyltransferase
O55239	23	0.237288135593	5XVK-A-23	0.244755244755	yes	Nicotinamide N-methyltransferase
O55239	23	0.156779661017	2I62-A-24	0.244755244755	no	Nicotinamide N-methyltransferase
O55239	23	0.25	2I62-D-24	0.244755244755	yes	Nicotinamide N-methyltransferase
O55239	23	0.25	2I62-B-24	0.244755244755	yes	Nicotinamide N-methyltransferase
O55239	23	0.241525423729	2I62-C-24	0.244755244755	yes	Nicotinamide N-methyltransferase
Q64339	8	0.275423728814	5CHF-E-8	0.493670886076	no	Ubiquitin-like protein ISG15
Q64339	8	0.296610169492	5CHF-D-8	0.493670886076	no	Ubiquitin-like protein ISG15
Q64339	8	0.292372881356	5CHF-B-8	0.493670886076	no	Ubiquitin-like protein ISG15
Q64339	8	0.39406779661	5CHV-D-8	0.493670886076	no	Ubiquitin-like protein ISG15
Q64339	8	0.351694915254	5TLA-F-8	0.493670886076	no	Ubiquitin-like protein ISG15
Q64339	8	0.402542372881	5CHW-J-8	0.493670886076	yes	Ubiquitin-like protein ISG15
Q64339	8	0.364406779661	5CHW-E-8	0.493670886076	yes	Ubiquitin-like protein ISG15
Q64339	8	0.351694915254	5CHW-G-8	0.493670886076	no	Ubiquitin-like protein ISG15
Q64339	8	0.343220338983	5TLA-C-8	0.493670886076	no	Ubiquitin-like protein ISG15
Q64339	8	0.351694915254	5TLA-A-8	0.493670886076	no	Ubiquitin-like protein ISG15
Q64339	8	0.389830508475	5TLA-B-8	0.493670886076	no	Ubiquitin-like protein ISG15
Q64339	8	0.317796610169	5CHW-B-8	0.493670886076	no	Ubiquitin-like protein ISG15
Q64339	8	0.0677966101695	5CHW-F-8	0.493670886076	no	Ubiquitin-like protein ISG15
Q64339	8	0.53813559322	5JZE-A-36	0.493670886076	no	Ubiquitin-like protein ISG15
Q64339	8	0.351694915254	5CHW-A-8	0.493670886076	yes	Ubiquitin-like protein ISG15
Q64339	8	0.296610169492	5CHW-D-8	0.493670886076	yes	Ubiquitin-like protein ISG15
Q64339	8	0.216101694915	5CHW-C-8	0.493670886076	yes	Ubiquitin-like protein ISG15
Q64339	8	0.555084745763	5JZE-C-36	0.493670886076	no	Ubiquitin-like protein ISG15
Q64339	8	0.453389830508	5CHF-C-8	0.493670886076	no	Ubiquitin-like protein ISG15
Q64339	8	0.381355932203	5TLA-D-8	0.493670886076	yes	Ubiquitin-like protein ISG15
Q64339	8	0.296610169492	5TLA-I-8	0.493670886076	no	Ubiquitin-like protein ISG15
Q64339	8	0.427966101695	5TLA-H-8	0.493670886076	no	Ubiquitin-like protein ISG15
Q64339	8	0.309322033898	5CHF-A-8	0.493670886076	no	Ubiquitin-like protein ISG15
Q64339	8	0.262711864407	5TLA-J-8	0.493670886076	no	Ubiquitin-like protein ISG15
Q64339	8	0.207627118644	5CHV-C-8	0.493670886076	no	Ubiquitin-like protein ISG15
Q64339	8	0.35593220339	5CHW-H-8	0.493670886076	yes	Ubiquitin-like protein ISG15
Q64339	8	0.305084745763	5CHW-I-8	0.493670886076	yes	Ubiquitin-like protein ISG15
Q64339	8	0.381355932203	5TLA-G-8	0.493670886076	no	Ubiquitin-like protein ISG15
Q64339	8	0.381355932203	5TLA-E-8	0.493670886076	no	Ubiquitin-like protein ISG15
Q64339	35	0.296610169492	5CHW-C-35	0.582278481013	yes	Ubiquitin-like protein ISG15
Q64339	35	0.283898305085	5TLA-F-35	0.582278481013	yes	Ubiquitin-like protein ISG15
Q64339	35	0.546610169492	5CHF-A-35	0.582278481013	no	Ubiquitin-like protein ISG15
Q64339	35	0.402542372881	5CHV-B-126	0.582278481013	yes	Ubiquitin-like protein ISG15
Q64339	35	0.28813559322	5TLA-A-35	0.582278481013	yes	Ubiquitin-like protein ISG15
Q64339	35	0.313559322034	5CHF-C-35	0.582278481013	yes	Ubiquitin-like protein ISG15
Q64339	35	0.53813559322	5CHW-A-35	0.582278481013	no	Ubiquitin-like protein ISG15
Q64339	35	0.555084745763	5TLA-I-35	0.582278481013	no	Ubiquitin-like protein ISG15
Q64339	35	0.338983050847	5TLA-C-35	0.582278481013	yes	Ubiquitin-like protein ISG15
Q64339	35	0.305084745763	5CHW-I-35	0.582278481013	no	Ubiquitin-like protein ISG15
Q64339	35	0.406779661017	5TLA-B-35	0.582278481013	yes	Ubiquitin-like protein ISG15
Q64339	35	0.559322033898	5CHW-J-35	0.582278481013	no	Ubiquitin-like protein ISG15
Q64339	35	0.385593220339	5CHF-E-35	0.582278481013	no	Ubiquitin-like protein ISG15
Q64339	35	0.326271186441	5TLA-J-35	0.582278481013	yes	Ubiquitin-like protein ISG15
Q64339	35	0.364406779661	5CHV-D-35	0.582278481013	yes	Ubiquitin-like protein ISG15
Q64339	35	0.563559322034	5JZE-C-74	0.582278481013	no	Ubiquitin-like protein ISG15
Q64339	35	0.300847457627	5TLA-E-35	0.582278481013	yes	Ubiquitin-like protein ISG15
Q64339	35	0.449152542373	5CHV-A-126	0.582278481013	yes	Ubiquitin-like protein ISG15
Q64339	35	0.35593220339	5CHF-B-35	0.582278481013	yes	Ubiquitin-like protein ISG15
Q64339	35	0.372881355932	5TLA-G-35	0.582278481013	yes	Ubiquitin-like protein ISG15
Q64339	35	0.292372881356	5TLA-H-35	0.582278481013	no	Ubiquitin-like protein ISG15
Q64339	35	0.597457627119	5JZE-A-74	0.582278481013	yes	Ubiquitin-like protein ISG15
Q64339	35	0.512711864407	5CHW-D-35	0.582278481013	no	Ubiquitin-like protein ISG15
Q64339	35	0.415254237288	5CHW-G-35	0.582278481013	yes	Ubiquitin-like protein ISG15
Q64339	35	0.466101694915	5TLA-D-35	0.582278481013	no	Ubiquitin-like protein ISG15
Q64339	35	0.275423728814	5CHW-F-35	0.582278481013	no	Ubiquitin-like protein ISG15
Q64339	35	0.546610169492	5CHV-C-35	0.582278481013	no	Ubiquitin-like protein ISG15
Q64339	35	0.258474576271	5CHW-H-35	0.582278481013	yes	Ubiquitin-like protein ISG15
Q64339	35	0.296610169492	5CHW-B-35	0.582278481013	yes	Ubiquitin-like protein ISG15
Q64339	35	0.474576271186	5CHW-E-35	0.582278481013	yes	Ubiquitin-like protein ISG15
Q64339	35	0.474576271186	5CHF-D-35	0.582278481013	yes	Ubiquitin-like protein ISG15
P06745	25	0.398305084746	2CVP-A-25	0.0391608391608	no	Glucose-6-phosphate isomerase
P06745	25	0.377118644068	2CXN-B-25	0.0391608391608	no	Glucose-6-phosphate isomerase
P06745	25	0.381355932203	1U0E-B-24	0.0391608391608	yes	Glucose-6-phosphate isomerase
P06745	25	0.389830508475	2CXP-B-25	0.0391608391608	yes	Glucose-6-phosphate isomerase
P06745	25	0.406779661017	2CVP-B-25	0.0391608391608	yes	Glucose-6-phosphate isomerase
P06745	25	0.389830508475	2CXQ-B-25	0.0391608391608	no	Glucose-6-phosphate isomerase
P06745	25	0.377118644068	1U0G-B-24	0.0391608391608	yes	Glucose-6-phosphate isomerase
P06745	25	0.39406779661	2CXT-B-25	0.0391608391608	yes	Glucose-6-phosphate isomerase
P06745	25	0.419491525424	2CXT-A-25	0.0391608391608	yes	Glucose-6-phosphate isomerase
P06745	25	0.389830508475	1U0G-A-24	0.0391608391608	yes	Glucose-6-phosphate isomerase
P06745	25	0.419491525424	2CXN-A-25	0.0391608391608	yes	Glucose-6-phosphate isomerase
P06745	25	0.415254237288	2CXS-A-25	0.0391608391608	yes	Glucose-6-phosphate isomerase
P06745	25	0.411016949153	1U0E-A-24	0.0391608391608	yes	Glucose-6-phosphate isomerase
P06745	25	0.402542372881	2CXO-A-25	0.0391608391608	yes	Glucose-6-phosphate isomerase
P06745	25	0.377118644068	2CXR-B-25	0.0391608391608	no	Glucose-6-phosphate isomerase
P06745	25	0.385593220339	2CXO-B-25	0.0391608391608	no	Glucose-6-phosphate isomerase
P06745	25	0.411016949153	2CXR-A-25	0.0391608391608	yes	Glucose-6-phosphate isomerase
P06745	25	0.360169491525	2CXS-B-25	0.0391608391608	no	Glucose-6-phosphate isomerase
P06745	25	0.364406779661	2CXU-B-25	0.0391608391608	yes	Glucose-6-phosphate isomerase
P06745	25	0.381355932203	1U0F-B-24	0.0391608391608	no	Glucose-6-phosphate isomerase
P06745	25	0.423728813559	2CXQ-A-25	0.0391608391608	yes	Glucose-6-phosphate isomerase
P06745	25	0.35593220339	1U0F-A-24	0.0391608391608	yes	Glucose-6-phosphate isomerase
P06745	25	0.402542372881	2CXU-A-25	0.0391608391608	yes	Glucose-6-phosphate isomerase
P06745	25	0.39406779661	2CXP-A-25	0.0391608391608	yes	Glucose-6-phosphate isomerase
P06745	73	0.453389830508	1U0E-A-72	0.272089761571	yes	Glucose-6-phosphate isomerase
P06745	73	0.381355932203	2CXO-A-73	0.272089761571	yes	Glucose-6-phosphate isomerase
P06745	73	0.453389830508	2CXO-B-73	0.272089761571	yes	Glucose-6-phosphate isomerase
P06745	73	0.470338983051	2CXR-A-73	0.272089761571	yes	Glucose-6-phosphate isomerase
P06745	73	0.453389830508	2CXS-B-73	0.272089761571	yes	Glucose-6-phosphate isomerase
P06745	73	0.470338983051	2CXQ-A-73	0.272089761571	yes	Glucose-6-phosphate isomerase
P06745	73	0.483050847458	2CXP-A-73	0.272089761571	yes	Glucose-6-phosphate isomerase
P06745	73	0.377118644068	1U0F-B-72	0.272089761571	yes	Glucose-6-phosphate isomerase
P06745	73	0.449152542373	2CXU-B-73	0.272089761571	yes	Glucose-6-phosphate isomerase
P06745	73	0.466101694915	2CXU-A-73	0.272089761571	yes	Glucose-6-phosphate isomerase
P06745	73	0.427966101695	1U0F-A-72	0.272089761571	no	Glucose-6-phosphate isomerase
P06745	73	0.453389830508	2CXP-B-73	0.272089761571	yes	Glucose-6-phosphate isomerase
P06745	73	0.478813559322	2CVP-A-73	0.272089761571	yes	Glucose-6-phosphate isomerase
P06745	73	0.457627118644	2CXQ-B-73	0.272089761571	yes	Glucose-6-phosphate isomerase
P06745	73	0.423728813559	2CXT-A-73	0.272089761571	yes	Glucose-6-phosphate isomerase
P06745	73	0.457627118644	2CXN-B-73	0.272089761571	yes	Glucose-6-phosphate isomerase
P06745	73	0.381355932203	1U0E-B-72	0.272089761571	yes	Glucose-6-phosphate isomerase
P06745	73	0.436440677966	1U0G-A-72	0.272089761571	yes	Glucose-6-phosphate isomerase
P06745	73	0.398305084746	1U0G-B-72	0.272089761571	yes	Glucose-6-phosphate isomerase
P06745	73	0.432203389831	2CVP-B-73	0.272089761571	yes	Glucose-6-phosphate isomerase
P06745	73	0.419491525424	2CXS-A-73	0.272089761571	yes	Glucose-6-phosphate isomerase
P06745	73	0.449152542373	2CXR-B-73	0.272089761571	yes	Glucose-6-phosphate isomerase
P06745	73	0.351694915254	2CXN-A-73	0.272089761571	no	Glucose-6-phosphate isomerase
P06745	73	0.457627118644	2CXT-B-73	0.272089761571	yes	Glucose-6-phosphate isomerase
P06745	89	0.313559322034	2CXP-A-89	0.415966386555	no	Glucose-6-phosphate isomerase
P06745	89	0.313559322034	2CXT-A-89	0.415966386555	no	Glucose-6-phosphate isomerase
P06745	89	0.322033898305	1U0G-A-88	0.415966386555	no	Glucose-6-phosphate isomerase
P06745	89	0.292372881356	2CXN-A-89	0.415966386555	no	Glucose-6-phosphate isomerase
P06745	89	0.309322033898	1U0F-A-88	0.415966386555	yes	Glucose-6-phosphate isomerase
P06745	89	0.296610169492	2CXU-A-89	0.415966386555	no	Glucose-6-phosphate isomerase
P06745	89	0.292372881356	1U0G-B-88	0.415966386555	yes	Glucose-6-phosphate isomerase
P06745	89	0.313559322034	2CXT-B-89	0.415966386555	no	Glucose-6-phosphate isomerase
P06745	89	0.309322033898	2CXQ-B-89	0.415966386555	no	Glucose-6-phosphate isomerase
P06745	89	0.292372881356	2CXN-B-89	0.415966386555	no	Glucose-6-phosphate isomerase
P06745	89	0.322033898305	2CXR-A-89	0.415966386555	yes	Glucose-6-phosphate isomerase
P06745	89	0.317796610169	2CVP-B-89	0.415966386555	yes	Glucose-6-phosphate isomerase
P06745	89	0.300847457627	1U0E-A-88	0.415966386555	no	Glucose-6-phosphate isomerase
P06745	89	0.330508474576	2CXO-A-89	0.415966386555	no	Glucose-6-phosphate isomerase
P06745	89	0.322033898305	2CXS-B-89	0.415966386555	no	Glucose-6-phosphate isomerase
P06745	89	0.326271186441	2CXS-A-89	0.415966386555	no	Glucose-6-phosphate isomerase
P06745	89	0.317796610169	2CXU-B-89	0.415966386555	no	Glucose-6-phosphate isomerase
P06745	89	0.326271186441	1U0F-B-88	0.415966386555	no	Glucose-6-phosphate isomerase
P06745	89	0.309322033898	2CXR-B-89	0.415966386555	no	Glucose-6-phosphate isomerase
P06745	89	0.313559322034	2CXO-B-89	0.415966386555	no	Glucose-6-phosphate isomerase
P06745	89	0.317796610169	2CXQ-A-89	0.415966386555	no	Glucose-6-phosphate isomerase
P06745	89	0.309322033898	2CXP-B-89	0.415966386555	no	Glucose-6-phosphate isomerase
P06745	89	0.313559322034	2CVP-A-89	0.415966386555	no	Glucose-6-phosphate isomerase
P06745	89	0.292372881356	1U0E-B-88	0.415966386555	no	Glucose-6-phosphate isomerase
P06745	226	0.21186440678	1U0G-B-225	0.36974789916	no	Glucose-6-phosphate isomerase
P06745	226	0.220338983051	1U0F-A-225	0.36974789916	yes	Glucose-6-phosphate isomerase
P06745	226	0.224576271186	2CXN-A-226	0.36974789916	yes	Glucose-6-phosphate isomerase
P06745	226	0.207627118644	2CXU-A-226	0.36974789916	no	Glucose-6-phosphate isomerase
P06745	226	0.216101694915	2CXT-A-226	0.36974789916	yes	Glucose-6-phosphate isomerase
P06745	226	0.21186440678	1U0G-A-225	0.36974789916	yes	Glucose-6-phosphate isomerase
P06745	226	0.237288135593	2CVP-A-226	0.36974789916	no	Glucose-6-phosphate isomerase
P06745	226	0.224576271186	1U0E-A-225	0.36974789916	yes	Glucose-6-phosphate isomerase
P06745	226	0.173728813559	2CVP-B-226	0.36974789916	yes	Glucose-6-phosphate isomerase
P06745	226	0.207627118644	2CXO-B-226	0.36974789916	no	Glucose-6-phosphate isomerase
P06745	226	0.21186440678	2CXQ-A-226	0.36974789916	no	Glucose-6-phosphate isomerase
P06745	226	0.233050847458	2CXS-B-226	0.36974789916	no	Glucose-6-phosphate isomerase
P06745	226	0.190677966102	2CXT-B-226	0.36974789916	no	Glucose-6-phosphate isomerase
P06745	226	0.194915254237	2CXP-A-226	0.36974789916	no	Glucose-6-phosphate isomerase
P06745	226	0.177966101695	2CXN-B-226	0.36974789916	no	Glucose-6-phosphate isomerase
P06745	226	0.220338983051	2CXS-A-226	0.36974789916	no	Glucose-6-phosphate isomerase
P06745	226	0.220338983051	2CXO-A-226	0.36974789916	no	Glucose-6-phosphate isomerase
P06745	226	0.194915254237	2CXR-B-226	0.36974789916	no	Glucose-6-phosphate isomerase
P06745	226	0.194915254237	1U0E-B-225	0.36974789916	yes	Glucose-6-phosphate isomerase
P06745	226	0.216101694915	2CXQ-B-226	0.36974789916	no	Glucose-6-phosphate isomerase
P06745	226	0.190677966102	1U0F-B-225	0.36974789916	yes	Glucose-6-phosphate isomerase
P06745	226	0.186440677966	2CXU-B-226	0.36974789916	yes	Glucose-6-phosphate isomerase
P06745	226	0.216101694915	2CXR-A-226	0.36974789916	yes	Glucose-6-phosphate isomerase
P06745	226	0.199152542373	2CXP-B-226	0.36974789916	no	Glucose-6-phosphate isomerase
P06745	241	0.415254237288	1U0F-B-240	0.542134831461	yes	Glucose-6-phosphate isomerase
P06745	241	0.402542372881	2CXU-B-241	0.542134831461	yes	Glucose-6-phosphate isomerase
P06745	241	0.423728813559	2CXU-A-241	0.542134831461	no	Glucose-6-phosphate isomerase
P06745	241	0.423728813559	1U0F-A-240	0.542134831461	yes	Glucose-6-phosphate isomerase
P06745	241	0.423728813559	2CXN-A-241	0.542134831461	yes	Glucose-6-phosphate isomerase
P06745	241	0.406779661017	2CXO-B-241	0.542134831461	no	Glucose-6-phosphate isomerase
P06745	241	0.427966101695	2CVP-A-241	0.542134831461	yes	Glucose-6-phosphate isomerase
P06745	241	0.432203389831	1U0E-A-240	0.542134831461	no	Glucose-6-phosphate isomerase
P06745	241	0.423728813559	2CVP-B-241	0.542134831461	no	Glucose-6-phosphate isomerase
P06745	241	0.419491525424	2CXQ-A-241	0.542134831461	yes	Glucose-6-phosphate isomerase
P06745	241	0.406779661017	2CXT-B-241	0.542134831461	no	Glucose-6-phosphate isomerase
P06745	241	0.385593220339	1U0G-B-240	0.542134831461	no	Glucose-6-phosphate isomerase
P06745	241	0.419491525424	2CXS-A-241	0.542134831461	yes	Glucose-6-phosphate isomerase
P06745	241	0.402542372881	2CXS-B-241	0.542134831461	no	Glucose-6-phosphate isomerase
P06745	241	0.415254237288	2CXP-A-241	0.542134831461	yes	Glucose-6-phosphate isomerase
P06745	241	0.423728813559	1U0E-B-240	0.542134831461	no	Glucose-6-phosphate isomerase
P06745	241	0.398305084746	2CXN-B-241	0.542134831461	yes	Glucose-6-phosphate isomerase
P06745	241	0.411016949153	2CXO-A-241	0.542134831461	yes	Glucose-6-phosphate isomerase
P06745	241	0.406779661017	2CXR-B-241	0.542134831461	yes	Glucose-6-phosphate isomerase
P06745	241	0.398305084746	2CXP-B-241	0.542134831461	no	Glucose-6-phosphate isomerase
P06745	241	0.402542372881	2CXQ-B-241	0.542134831461	no	Glucose-6-phosphate isomerase
P06745	241	0.411016949153	2CXR-A-241	0.542134831461	yes	Glucose-6-phosphate isomerase
P06745	241	0.415254237288	1U0G-A-240	0.542134831461	no	Glucose-6-phosphate isomerase
P06745	241	0.427966101695	2CXT-A-241	0.542134831461	yes	Glucose-6-phosphate isomerase
P06745	252	0.326271186441	2CXS-B-252	0.350631136045	no	Glucose-6-phosphate isomerase
P06745	252	0.338983050847	2CXS-A-252	0.350631136045	yes	Glucose-6-phosphate isomerase
P06745	252	0.334745762712	2CXP-A-252	0.350631136045	yes	Glucose-6-phosphate isomerase
P06745	252	0.415254237288	1U0G-B-251	0.350631136045	yes	Glucose-6-phosphate isomerase
P06745	252	0.326271186441	2CXT-B-252	0.350631136045	no	Glucose-6-phosphate isomerase
P06745	252	0.351694915254	2CXN-B-252	0.350631136045	no	Glucose-6-phosphate isomerase
P06745	252	0.347457627119	2CXR-B-252	0.350631136045	no	Glucose-6-phosphate isomerase
P06745	252	0.474576271186	2CXP-B-252	0.350631136045	no	Glucose-6-phosphate isomerase
P06745	252	0.317796610169	2CXO-A-252	0.350631136045	yes	Glucose-6-phosphate isomerase
P06745	252	0.351694915254	2CXQ-B-252	0.350631136045	yes	Glucose-6-phosphate isomerase
P06745	252	0.326271186441	2CXR-A-252	0.350631136045	yes	Glucose-6-phosphate isomerase
P06745	252	0.377118644068	1U0E-B-251	0.350631136045	yes	Glucose-6-phosphate isomerase
P06745	252	0.326271186441	2CXT-A-252	0.350631136045	yes	Glucose-6-phosphate isomerase
P06745	252	0.317796610169	1U0G-A-251	0.350631136045	no	Glucose-6-phosphate isomerase
P06745	252	0.411016949153	1U0F-B-251	0.350631136045	yes	Glucose-6-phosphate isomerase
P06745	252	0.385593220339	2CXU-B-252	0.350631136045	yes	Glucose-6-phosphate isomerase
P06745	252	0.326271186441	2CXU-A-252	0.350631136045	yes	Glucose-6-phosphate isomerase
P06745	252	0.317796610169	1U0F-A-251	0.350631136045	no	Glucose-6-phosphate isomerase
P06745	252	0.368644067797	2CXO-B-252	0.350631136045	yes	Glucose-6-phosphate isomerase
P06745	252	0.326271186441	2CVP-A-252	0.350631136045	no	Glucose-6-phosphate isomerase
P06745	252	0.313559322034	1U0E-A-251	0.350631136045	yes	Glucose-6-phosphate isomerase
P06745	252	0.377118644068	2CVP-B-252	0.350631136045	yes	Glucose-6-phosphate isomerase
P06745	252	0.343220338983	2CXN-A-252	0.350631136045	yes	Glucose-6-phosphate isomerase
P06745	252	0.343220338983	2CXQ-A-252	0.350631136045	yes	Glucose-6-phosphate isomerase
P06745	440	0.0338983050847	2CXS-A-440	0.631652661064	yes	Glucose-6-phosphate isomerase
P06745	440	0.021186440678	1U0E-B-439	0.631652661064	no	Glucose-6-phosphate isomerase
P06745	440	0.0466101694915	1U0G-B-439	0.631652661064	yes	Glucose-6-phosphate isomerase
P06745	440	0.0805084745763	2CXQ-B-440	0.631652661064	yes	Glucose-6-phosphate isomerase
P06745	440	0.021186440678	1U0E-A-439	0.631652661064	yes	Glucose-6-phosphate isomerase
P06745	440	0.0296610169492	2CXR-A-440	0.631652661064	yes	Glucose-6-phosphate isomerase
P06745	440	0.0254237288136	2CXP-A-440	0.631652661064	yes	Glucose-6-phosphate isomerase
P06745	440	0.0254237288136	2CXU-B-440	0.631652661064	yes	Glucose-6-phosphate isomerase
P06745	440	0.0254237288136	1U0G-A-439	0.631652661064	yes	Glucose-6-phosphate isomerase
P06745	440	0.0254237288136	2CXN-B-440	0.631652661064	yes	Glucose-6-phosphate isomerase
P06745	440	0.0677966101695	2CXP-B-440	0.631652661064	yes	Glucose-6-phosphate isomerase
P06745	440	0.0296610169492	1U0F-A-439	0.631652661064	no	Glucose-6-phosphate isomerase
P06745	440	0.0338983050847	2CXN-A-440	0.631652661064	yes	Glucose-6-phosphate isomerase
P06745	440	0.0254237288136	2CXS-B-440	0.631652661064	yes	Glucose-6-phosphate isomerase
P06745	440	0.0338983050847	2CXQ-A-440	0.631652661064	yes	Glucose-6-phosphate isomerase
P06745	440	0.0254237288136	2CVP-A-440	0.631652661064	yes	Glucose-6-phosphate isomerase
P06745	440	0.0254237288136	2CXT-B-440	0.631652661064	yes	Glucose-6-phosphate isomerase
P06745	440	0.0296610169492	2CXT-A-440	0.631652661064	yes	Glucose-6-phosphate isomerase
P06745	440	0.0254237288136	2CXU-A-440	0.631652661064	yes	Glucose-6-phosphate isomerase
P06745	440	0.021186440678	1U0F-B-439	0.631652661064	yes	Glucose-6-phosphate isomerase
P06745	440	0.0550847457627	2CXR-B-440	0.631652661064	yes	Glucose-6-phosphate isomerase
P06745	440	0.0296610169492	2CXO-A-440	0.631652661064	yes	Glucose-6-phosphate isomerase
P06745	440	0.0677966101695	2CXO-B-440	0.631652661064	yes	Glucose-6-phosphate isomerase
P06745	440	0.0254237288136	2CVP-B-440	0.631652661064	yes	Glucose-6-phosphate isomerase
